rank	System.II	System.I	direction	Sum.System.I	Sum.System.II	CooccurCounts	Pagel.p.value	P.value.System.I.dep	P.value.System.II.dep	Bonferroni	Benjamini.Hochberg
1	Dnd_ABCDE	Dnd_FGH	1	1378	1407	1362	0	0	0	Y	Y
2	PsyrTA	RM IV	1	8297	1382	738	0	6.63672539353291e-169	3.15098467096417e-179	Y	Y
3	Druantia III	Zorya II	1	2518	3391	2151	2.4176163237332e-275	1.38581376920953e-191	2.23522539726885e-266	Y	Y
4	RM IIG	Zorya II	1	2518	3307	2123	3.33561129171466e-253	8.35173684201673e-230	2.83259451303344e-228	Y	Y
5	Mokosh II	RM IV	1	8297	975	882	1.81399766217372e-245	5.72469280303939e-162	1.84503653371061e-143	Y	Y
6	Gabija	tmn	1	2182	4540	1445	1.76909317436979e-185	1.46484787219973e-149	3.78851317754785e-168	Y	Y
7	CBASS I	qatABCD	1	1271	4764	1136	1.09255311412225e-180	2.92034490974722e-131	1.38478316007712e-169	Y	Y
8	Druantia III	RM IIG	1	3307	3391	1926	7.96141123918789e-147	3.75566677766108e-87	1.3930403659815e-136	Y	Y
9	Druantia III	RM IV	1	8297	3391	1353	5.37894055436526e-93	4.43136043405423e-86	2.53452678723413e-21	Y	Y
10	DRT I	Retron IV	1	281	1256	178	1.28624715960835e-87	1.24997560337594e-54	3.2121471562581e-81	Y	Y
11	RM I	RM IV	-1	8297	18714	6613	3.03764689084909e-72	2.68585191651428e-67	5.4512135197811e-21	Y	Y
12	RM IV	Retron I-C	-1	2026	8297	512	1.41161371888203e-61	0.000167832827702995	4.12071116043022e-55	Y	Y
13	CRISPR I-E	cas_adaptation	1	195	17573	102	2.11099835094882e-52	1.50781311833561e-20	3.45544533293577e-51	Y	Y
14	CRISPR I-E	RM IV	1	8297	17573	5151	7.9257545202051e-50	1.53048196005841e-50	0.0379903698893057	Y	Y
15	RM IV	Thoeris I	-1	1541	8297	704	8.30886426042441e-50	0.00932891744585031	9.7070820599919e-48	Y	Y
16	PsyrTA	Retron I-C	1	2026	1382	370	1.0862710821747e-48	1.19525023748413e-10	1.23628813102361e-43	Y	Y
17	AbiQ	PARIS	1	603	203	53	1.81854300212263e-45	1.04498446726389e-43	7.17643366301685e-34	Y	Y
18	RM I	hhe	1	928	18714	811	1.58976461369393e-41	1.2077856809059e-14	3.50515774606839e-35	Y	Y
19	RM I	dXTPase	1	2159	18714	1839	4.03114686230504e-41	1.12927269572798e-31	3.75734842680328e-37	Y	Y
20	RM IV	dCTPdeaminase	1	251	8297	196	1.61187147952173e-38	2.23772118563512e-24	2.89070805458321e-33	Y	Y
21	RM I	darTG	1	967	18714	917	3.55160378255367e-36	8.28658063717803e-21	4.17453311830397e-37	Y	Y
22	Mokosh II	PsyrTA	1	1382	975	101	2.06341493947389e-35	1.46004355832321e-34	2.77848592284131e-06	Y	Y
23	PrrC	RM I	1	18714	427	422	4.04628089229635e-35	8.02677877505299e-34	1.69932886571126e-27	Y	Y
24	CRISPR I-E	RM II	-1	26131	17573	17476	6.11529237469838e-35	0.000100701396414176	1.04610192798071e-36	Y	Y
25	AbiE	DRT III	1	1497	5251	1116	3.69873404638614e-34	5.42716202271613e-30	1.48408643450629e-13	Y	Y
26	Retron I-C	Retron XII	1	474	2026	129	2.71918822689613e-32	4.8411965847439e-25	2.9282880542871e-22	Y	Y
27	RM IV	SoFic	1	308	8297	225	7.26132063148734e-31	8.35480071499091e-15	1.00558184141064e-24	Y	Y
28	RM III	RM IV	-1	8297	3335	1054	3.32394857348618e-29	1.38368884039994e-28	0.000828204355163412	Y	Y
29	CRISPR I-E	mza	1	249	17573	152	8.23010126106226e-26	0.553772793553475	1.32375544214741e-26	Y	Y
30	AbiQ	CRISPR I-E	1	17573	203	152	1.91549233556838e-25	1.24648124646416e-26	0.738427733816546	Y	Y
31	CRISPR I-E	DprA-PRTase	1	204	17573	134	2.87664580048156e-25	0.691508357395679	5.33101570946562e-26	Y	Y
32	CRISPR I-E	hhe	1	928	17573	669	4.67752669735131e-25	0.0796387853993185	2.29051168975918e-19	Y	Y
33	Dpd	RM I	-1	18714	1259	416	4.77842995797755e-25	3.32044840124807e-17	3.7913810764798e-24	Y	Y
34	RM III	ietAS	1	1979	3335	576	4.66978311916451e-23	1.24265091248987e-20	1.98001505413421e-17	Y	Y
35	CRISPR I-E	Retron V	1	205	17573	166	1.15988258445995e-22	0.394940016721506	1.18111316588503e-22	Y	Y
36	Dpd	RM II	1	26131	1259	1254	1.3251445128563e-21	0.62576531694497	1.8052952569293e-14	Y	Y
37	CRISPR I-E	RexAB	1	456	17573	404	2.48788754603099e-21	0.00835305979387286	6.60053972229924e-18	Y	Y
38	CRISPR I-E	Lit	1	336	17573	322	3.09500061198694e-21	0.828721387418911	2.32095114285594e-19	Y	Y
39	CRISPR I-E	Helicase-DUF2290	1	164	17573	103	4.73490416532738e-21	0.0379310042582824	5.54924723904683e-22	Y	Y
40	AbiH	CRISPR I-E	1	17573	221	171	1.05230274358517e-20	3.94151085262003e-22	0.773686704156464	Y	Y
41	Dnd_ABCDE	Dpd	-1	1259	1407	18	1.44784023222537e-20	1.29651069327442e-18	3.38414170113594e-11	Y	Y
42	CRISPR I-E	old	1	194	17573	137	2.29306471939544e-20	0.149107660319338	1.26571215721739e-20	Y	Y
43	CRISPR I-E	Shedu	1	365	17573	298	4.67245895255543e-20	0.0148386227908066	2.90092574735091e-16	Y	Y
44	AbiE	CRISPR I-E	-1	17573	5251	3035	2.53321669725477e-19	3.71215147528715e-16	2.8021314323977e-07	Y	Y
45	CBASS I	Dnd_ABCDE	1	1407	4764	470	3.20045916280548e-19	1.80716511458809e-08	1.94574438522748e-20	Y	Y
46	AbiE	BREX I	1	1622	5251	791	3.47488368843366e-19	1.27122943328627e-15	4.61250810298483e-10	Y	Y
47	Dnd_FGH	Dpd	-1	1259	1378	19	3.71171746143423e-19	2.75374177156735e-17	9.14773852747907e-10	Y	Y
48	CBASS I	Dnd_FGH	1	1378	4764	457	7.3528254942113e-19	7.28785281802751e-08	2.94795998995009e-20	Y	Y
49	PsyrTA	RM I	1	18714	1382	1353	4.94847349527489e-18	4.31209778442004e-05	2.92072800434515e-17	Y	Y
50	CRISPR I-E	PsyrTA	-1	1382	17573	707	1.29647132887023e-17	7.67722940559487e-15	2.9996414757379e-05	Y	Y
51	hhe	mza	1	249	928	11	1.52395780694371e-17	5.9442927530982e-08	2.86326563224293e-10	Y	Y
52	AbiE	PsyrTA	1	1382	5251	450	1.32490961200195e-16	5.90702577911441e-18	0.915988229138653	Y	Y
53	BREX I	RM I	-1	18714	1622	716	3.58972782211954e-16	1.3978733198465e-15	2.35842832097352e-08	Y	Y
54	RM IV	Zorya II	1	2518	8297	222	4.55551687483986e-16	0.00442194826338789	5.86980000226216e-16	Y	Y
55	AbiH	RM IV	-1	8297	221	124	9.29017513407526e-16	4.25864117724308e-06	9.46355631961763e-16	Y	Y
56	3HP	CRISPR I-E	1	17573	254	169	1.58916823760316e-15	0.124456826466503	0.742034776120759	Y	Y
57	PsyrTA	Zorya II	-1	2518	1382	613	2.47034412727666e-15	0.00031254624189295	2.99064697456123e-13	Y	Y
58	AbiE	RM I	1	18714	5251	4192	3.41202488768249e-15	1.86067974801083e-11	2.8995960676124e-08	Y	Y
59	CRISPR I-E	Mokosh II	-1	975	17573	384	6.55297054762907e-15	3.47135006830509e-13	0.0004764191392357	Y	Y
60	Mokosh II	Thoeris I	1	1541	975	269	9.36580811561037e-15	0.00338447684369145	2.97122512022339e-14	Y	Y
61	PsyrTA	SoFic	-1	308	1382	48	1.25518190410196e-14	0.00078090001268227	1.08218310056877e-11	Y	Y
62	AbiE	RM II	1	26131	5251	5233	1.48494192192599e-14	0.532983728881468	5.57210959206455e-09	Y	Y
63	PifA	ppl	1	686	1362	96	1.49289031824631e-14	8.5737661629886e-07	4.52425634105269e-16	Y	Y
64	RM I	mza	1	249	18714	226	2.44249157202825e-14	6.24588311491889e-05	2.33796707707462e-07	Y	Y
65	RM IIG	ietAS	-1	1979	3307	70	2.57479130244047e-14	1.10604719943064e-14	4.27254668099709e-08	Y	Y
66	Lit	RM IV	1	8297	336	335	3.50763925869386e-14	8.20518932691965e-12	1.34709130434258e-12	Y	Y
67	Mokosh II	SoFic	1	308	975	101	6.45135626334656e-14	1.2008875600517e-11	0.00557010507033484	Y	Y
68	AbiQ	Dpd	1	1259	203	4	1.16360915633244e-13	1.41902321733767e-08	0.238558209642052	Y	Y
69	Druantia III	ietAS	-1	1979	3391	108	2.56280197890787e-13	1.10553252459341e-08	5.16678275113819e-12	Y	Y
70	DRT III	RM I	1	18714	1497	1158	3.5925087513673e-13	0.167489776242791	1.90989796605954e-14	Y	Y
71	PsyrTA	RM IIG	-1	3307	1382	640	4.85957662147601e-13	1.41940251760441e-06	1.87443924444822e-08	Y	Y
72	Gabija	RM IV	1	8297	4540	1604	5.51599174917362e-13	1.70399351304902e-14	1.73746792115863e-05	Y	Y
73	GAO_19	Shedu	1	365	850	44	9.58085074300916e-13	5.88044026407132e-14	2.04473988226268e-08	Y	Y
74	CRISPR I-E	ppl	1	686	17573	519	1.22136791393963e-12	0.000726138497433398	1.29311295264571e-12	Y	Y
75	CRISPR I-E	dXTPase	-1	2159	17573	1390	1.43685248844884e-12	7.0346516250767e-09	7.43325962900937e-05	Y	Y
76	Zorya I	darTG	1	967	489	123	2.46245079840591e-12	5.81561231439746e-09	7.08104551399557e-12	Y	Y
77	Lit	RM I	-1	18714	336	220	2.615576845185e-12	9.58923569607462e-12	0.0388546022768414	Y	Y
78	BREX I	Dpd	-1	1259	1622	10	3.45255259909345e-12	2.52310358914697e-11	1.55214269511785e-12	Y	Y
79	AbiE	Retron V	1	205	5251	40	4.56539101885629e-12	0.209874014956232	1.06232389001958e-12	Y	Y
80	RM I	RM II	1	26131	18714	18586	7.14366392897941e-12	0.0359959865573217	2.86760674720996e-08	Y	Y
81	RM I	Zorya I	1	489	18714	452	1.06658561295298e-11	8.06941168262031e-08	4.34506084200967e-13	Y	Y
82	CRISPR I-E	dCTPdeaminase	1	251	17573	166	1.23673707228366e-11	0.761458130068682	6.80860707249915e-13	Y	Y
83	Lamassu I	Septu I	1	2632	202	74	1.41185042665637e-11	1.15508507653276e-12	5.41826040056774e-05	Y	Y
84	Mokosh II	dCTPdeaminase	1	251	975	46	1.48292023224326e-11	1.86867219950941e-10	1.47066939690664e-09	Y	Y
85	Dpd	RM IV	-1	8297	1259	197	1.75387364906081e-11	9.5454207280315e-12	3.38041833440667e-06	Y	Y
86	Druantia III	RM III	-1	3335	3391	197	2.84286720182063e-11	1.94968676340903e-10	5.35968758081562e-08	Y	Y
87	DRT III	RM IV	1	8297	1497	517	5.99926922951909e-11	4.47814196781486e-09	0.000163677029152097	Y	Y
88	Dpd	Retron V	1	205	1259	2	9.30545203425267e-11	0.0995438441004789	0.000233989939252744	Y	Y
89	AbiQ	Druantia III	1	3391	203	23	1.00024657095582e-10	6.74732073280747e-10	0.572924412193499	Y	Y
90	AbiE	Druantia III	1	3391	5251	352	1.36455122795088e-10	2.46104743933738e-10	0.138706783550127	Y	Y
91	Druantia III	RM I	1	18714	3391	2738	1.43886389972958e-10	1.4187868473276e-11	0.776777849046724	Y	Y
92	Dpd	PARIS	1	603	1259	9	1.73826720031046e-10	0.00609294255219127	3.05768554391252e-08	Y	Y
93	AbiE	Dpd	-1	1259	5251	39	1.74996237066265e-10	4.09494677562022e-11	0.00133946982751191	Y	Y
94	CRISPR I-E	RM I	-1	18714	17573	11632	2.19770562388556e-10	2.11345721515793e-05	2.62419015867408e-05	Y	Y
95	RM II	hhe	1	928	26131	924	2.63291595135425e-10	0.540941863139264	0.716564522120287	Y	Y
96	GAO_19	PsyrTA	1	1382	850	11	2.91481610658694e-10	0.00700045811537761	0.00171667370738432	Y	Y
97	AbiE	PARIS	1	603	5251	111	3.87041341082725e-10	0.105967559789393	4.21225501078568e-10	Y	Y
98	AbiE	GAO_29	1	180	5251	12	3.93958182239419e-10	0.00715814802836009	1.48666787472793e-05	Y	Y
99	GAO_29	Mokosh II	1	975	180	22	4.11142025260349e-10	2.06162656831416e-10	3.00887266807212e-05	Y	Y
100	Dpd	RM III	-1	3335	1259	75	4.17944310720191e-10	7.23253560736695e-06	4.13066504145951e-09	Y	Y
101	Hachiman I	RM II	-1	26131	1244	1234	5.09963514225557e-10	0.0837043461351742	0.00704963347762407	Y	Y
102	AbiD	Septu I	-1	2632	997	181	5.41180332009124e-10	0.00644455316082728	4.95146753961159e-09	Y	Y
103	cas_adaptation	mza	1	249	195	6	6.07251990965552e-10	1.34245446612794e-09	0.115166371243215	Y	Y
104	Druantia III	Retron I-C	-1	2026	3391	10	7.42972534796757e-10	0.000399838718291278	1.72661118758626e-07	Y	Y
105	AVAST IV	PsyrTA	-1	1382	1001	18	1.20218645983927e-09	8.53621976336936e-11	0.0317561686087993	Y	Y
106	RM II	Septu I	1	2632	26131	2615	1.36567018454891e-09	0.722059310664448	0.117136489503212	Y	Y
107	Mokosh II	RM I	-1	18714	975	752	1.78958905300388e-09	0.00400840740179457	1.0148075526705e-08	Y	Y
108	DprA-PRTase	hhe	1	928	204	3	1.93268150122862e-09	0.250637992695926	0.396564418183374	Y	Y
109	CRISPR I-E	Septu I	1	2632	17573	1682	2.14242806890099e-09	0.0122527199950183	3.32204297510029e-09	Y	Y
110	BREX I	Retron V	1	205	1622	47	2.49340171856828e-09	2.41247265852103e-05	7.95798396178549e-10	Y	Y
111	BREX I	CBASS I	-1	4764	1622	288	2.72137374008354e-09	1.47557693987123e-07	0.0119692759746601	Y	Y
112	CRISPR I-E	SoFic	-1	308	17573	154	2.8919659424496e-09	1.42352008385204e-08	0.0070887941419499	Y	Y
113	AbiD	RM III	1	3335	997	243	4.34623321469462e-09	3.53329636419563e-10	2.68818732943898e-05	Y	Y
114	RM I	RM III	-1	3335	18714	2261	7.11385963777761e-09	5.26835338997064e-06	1.05087968287727e-09	Y	Y
115	AbiE	dCTPdeaminase	1	251	5251	32	8.9411727310968e-09	0.28810475884947	8.54859006215474e-08	Y	Y
116	AbiD	DRT I	-1	1256	997	29	1.18341359204183e-08	9.21587833274477e-06	2.78939340769556e-06	Y	Y
117	PsyrTA	dCTPdeaminase	1	251	1382	32	1.19108472764136e-08	0.130408132209042	1.26201159992287e-09	Y	Y
118	Druantia III	PsyrTA	-1	1382	3391	530	1.34393542771611e-08	5.86967226297738e-05	3.58712894370144e-05	Y	Y
119	Zorya II	ietAS	-1	1979	2518	31	1.40016061486463e-08	7.41894013855429e-09	6.3890764090322e-05	Y	Y
120	BREX I	RM IV	-1	8297	1622	335	1.81406262074746e-08	1.55199091364811e-09	0.000585337091505523	Y	Y
121	CBASS I	Druantia III	-1	3391	4764	267	2.89861297103106e-08	1.25448567683906e-08	0.0183436750018759	Y	Y
122	Dpd	Helicase-DUF2290	1	164	1259	8	3.02406871851241e-08	0.340369806284393	0.0406592852779798	Y	Y
123	Retron XII	dsr I	1	369	474	29	4.19967796233116e-08	2.82441698476907e-08	1.28720399885429e-08	Y	Y
124	Lit	RexAB	1	456	336	140	4.47824355221172e-08	1.43324577889626e-05	6.03610996041643e-07	Y	Y
125	PsyrTA	hhe	-1	928	1382	1	4.66943768436102e-08	0.00015781067982925	0.00274765002915866	Y	Y
126	Druantia III	RexAB	1	456	3391	18	5.00979975481646e-08	0.0261339857114991	0.92002872298989	Y	Y
127	Dpd	Druantia III	-1	3391	1259	27	5.17816018433705e-08	2.3625229342201e-07	3.95688705476001e-07	Y	Y
128	DRT III	ietAS	1	1979	1497	223	5.3691651813186e-08	0.0917976996729112	4.22912052150576e-08	Y	Y
129	PsyrTA	Thoeris I	1	1541	1382	180	6.75250884761945e-08	3.43638388783717e-06	2.65021622902379e-06	Y	Y
130	RM I	Retron I-C	1	2026	18714	1828	6.90166227360866e-08	0.00311025565715211	1.68890128794964e-06	Y	Y
131	CBASS II	tmn	1	2182	456	64	6.93849140232991e-08	7.69279469499676e-06	0.00010132776031969	Y	Y
132	CRISPR I-E	Gabija	-1	4540	17573	2701	8.02413484920938e-08	0.135233883898102	7.70833158180358e-08	Y	Y
133	RM I	RM IIG	1	3307	18714	2593	8.09985701372264e-08	3.29778128853796e-07	0.0145607409595881	Y	Y
134	CRISPR I-E	Retron I-A	1	195	17573	120	8.25460085764332e-08	0.528794739363521	2.22224156764655e-07	Y	Y
135	Dpd	DprA-PRTase	1	204	1259	7	8.92866814210506e-08	0.224810621168608	0.0597466004432241	Y	Y
136	CBASS II	CRISPR I-E	1	17573	456	339	1.1418092142452e-07	1.40899221834658e-05	0.573813932598295	Y	Y
137	AbiE	ppl	1	686	5251	90	1.38563548639113e-07	0.0314070659229954	0.0318581739501093	Y	Y
138	PsyrTA	RM II	-1	26131	1382	1368	1.69586746072526e-07	0.059619666981336	9.92334004730395e-09	Y	Y
139	BREX I	hhe	1	928	1622	60	1.83746553501302e-07	0.0437416963812084	8.15247178402885e-06	Y	Y
140	RM IV	Zorya I	-1	489	8297	173	2.19174982536528e-07	0.415690587063446	1.89507551183244e-07	Y	Y
141	CRISPR I-E	Dnd_FGH	-1	1378	17573	1150	2.28663509903662e-07	3.74990462636126e-05	0.000184320401894052	Y	Y
142	hhe	ppl	1	686	928	49	2.39914680799078e-07	0.257334071623262	0.0603657908957378	Y	Y
143	AbiE	RM IV	-1	8297	5251	1521	2.53876302696051e-07	2.91483428639765e-08	0.851536391814567	Y	Y
144	BstA	RM II	1	26131	1136	1130	3.04052984719104e-07	0.908421042562161	0.292640738919937	Y	Y
145	Gabija	Zorya I	-1	489	4540	86	3.28376322947716e-07	1.10345082256812e-06	0.102215729577636	Y	Y
146	Gabija	SoFic	1	308	4540	99	3.35961919032488e-07	2.64217000373696e-07	0.181139439814906	Y	Y
147	PsyrTA	RM III	1	3335	1382	200	3.44273478905158e-07	0.000113414854445193	0.000201939107917694	Y	Y
148	AbiE	AbiQ	-1	203	5251	29	3.88442056615703e-07	0.248219671466157	0.000101766480930883	Y	Y
149	Retron I-C	Zorya II	-1	2518	2026	3	4.25279071600755e-07	2.54474377724075e-06	0.000997828014146149	Y	Y
150	CBASS II	Hachiman I	1	1244	456	73	4.59895072531855e-07	5.89393035368906e-08	8.61047678339303e-05	Y	Y
151	CBASS I	RM IV	1	8297	4764	1643	4.63616824220315e-07	0.343900863621767	2.83272510291307e-07	Y	Y
152	PsyrTA	ietAS	-1	1979	1382	57	4.75385906635092e-07	0.00574110727765901	0.00295690558122017	Y	Y
153	CBASS I	RM I	1	18714	4764	3478	5.84731211131213e-07	3.00975344113862e-06	0.00632892327651384	Y	Y
154	CRISPR I-E	Dnd_ABCDE	-1	1407	17573	1181	6.63971796723254e-07	0.000105214166007857	0.000121285073322361	Y	Y
155	Kiwa	ietAS	1	1979	1741	229	7.06899080222056e-07	0.000120177963036196	4.65814672057596e-07	Y	Y
156	RM IV	Shedu	1	365	8297	192	7.82919003582562e-07	0.609461974108782	6.92829894618295e-08	Y	Y
157	Dnd_FGH	Septu I	1	2632	1378	168	7.82933783919471e-07	0.00229772395223196	3.06564723315273e-05	Y	Y
158	RM IIG	RM IV	-1	8297	3307	550	8.15407816156667e-07	1.28001676523518e-07	0.000175370608693514	Y	Y
159	Dpd	old	1	194	1259	7	8.73928239980079e-07	0.85492997657059	0.516722217381582	Y	Y
160	CRISPR I-E	DRT I	-1	1256	17573	671	9.22890721213773e-07	2.43178325072973e-07	0.214838791438093	Y	Y
161	PifA	Septu I	1	2632	1362	99	9.76710987836506e-07	0.0358886592046314	0.0325915007987795	Y	Y
162	Hachiman I	Septu I	-1	2632	1244	82	1.09394072019298e-06	0.0495197651142021	6.68891517525507e-05	Y	Y
163	CRISPR I-F	Mokosh II	1	975	675	6	1.30817743062141e-06	0.292511519007981	1.50075176460786e-05	Y	Y
164	CBASS I	cas_adaptation	-1	195	4764	21	1.33710243767937e-06	0.00214562636523459	0.0183980352390642	Y	Y
165	RM III	dXTPase	1	2159	3335	418	1.37067389123689e-06	0.0723947292953671	4.15545470046866e-06	Y	Y
166	RM III	Zorya II	-1	2518	3335	69	1.57760758168645e-06	1.06929459296735e-05	4.93278231439957e-06	Y	Y
167	Dnd_ABCDE	Septu I	1	2632	1407	170	1.59049528363173e-06	0.000811147112086226	0.000311600799314983	Y	Y
168	DRT III	Septu I	-1	2632	1497	236	1.67113952213729e-06	0.00993893144364151	1.35314121217555e-05	Y	Y
169	AbiE	old	1	194	5251	54	1.70614450745114e-06	0.0920849150307764	0.0173716630955122	Y	Y
170	Mokosh II	hhe	-1	928	975	8	1.77627412416502e-06	6.12553666544972e-06	0.000543948273203787	Y	Y
171	BstA	Gabija	1	4540	1136	103	1.78924500354733e-06	0.354310398626664	5.57595889391266e-06	Y	Y
172	Hachiman I	Thoeris I	-1	1541	1244	13	1.79610062474796e-06	0.385743352593076	5.68156098160375e-07	Y	Y
173	RM IV	RexAB	-1	456	8297	231	1.86798429138638e-06	0.770349313084893	1.32914384711228e-07	Y	Y
174	AbiE	CBASS I	-1	4764	5251	1374	2.34013033020723e-06	1.93063891725068e-07	0.933628031106187	Y	Y
175	AVAST II	RM I	-1	18714	583	445	2.43853993546898e-06	2.45013534407348e-05	0.803646703452412	Y	Y
176	Dnd_FGH	Mokosh II	1	975	1378	52	2.44000651394642e-06	0.000862107169229253	0.000552276991979042	Y	Y
177	Dpd	Zorya II	-1	2518	1259	3	2.82942013289445e-06	4.44833716507771e-06	1.82547811204053e-06	Y	Y
178	GAO_19	Retron I-C	1	2026	850	33	3.06564514032712e-06	0.00082902527941331	0.0239803429552501	Y	Y
179	DRT I	PsyrTA	-1	1382	1256	2	3.37490433511996e-06	0.000539504012433918	0.00708647840410597	Y	Y
180	CBASS I	Mokosh II	1	975	4764	237	3.45966507434504e-06	0.333910687548935	1.02967525876071e-06	Y	Y
181	DprA-PRTase	Druantia III	1	3391	204	22	3.46758060277779e-06	0.0946941479736391	0.5113518714582	Y	Y
182	PrrC	Retron I-C	1	2026	427	57	3.6215090592572e-06	0.563626314644827	1.03963180601523e-06	Y	Y
183	Dnd_FGH	RM I	-1	18714	1378	733	3.62893872130349e-06	6.21376417527681e-06	3.13129858877236e-05	Y	Y
184	RM IV	hhe	1	928	8297	245	4.05603602653076e-06	0.00998311514633486	0.000103141853426935	NA	Y
185	AbiE	Helicase-DUF2290	1	164	5251	26	4.62198962330403e-06	0.850879224449067	0.00687331277618604	NA	Y
186	AbiU	Retron XII	1	474	569	44	4.64697310476241e-06	1.29504917743949e-06	8.58402059128641e-07	NA	Y
187	Dnd_ABCDE	Mokosh II	1	975	1407	54	5.4011692431727e-06	0.000905493126154441	0.00219591209495125	NA	Y
188	BREX I	Druantia III	-1	3391	1622	83	5.41711847532052e-06	0.00727942680435239	3.97713491954747e-06	NA	Y
189	Hachiman I	cas_adaptation	-1	195	1244	13	6.08451244517192e-06	0.511376978649697	2.37972594808447e-06	NA	Y
190	Mokosh II	Zorya II	-1	2518	975	19	6.22936288306044e-06	0.0104373608899012	0.0130336902239575	NA	Y
191	Mokosh II	dXTPase	1	2159	975	119	6.65639378321608e-06	0.000148809374723322	1.10757020455698e-05	NA	Y
192	AbiL	Gabija	1	4540	490	140	7.41111653931798e-06	0.000140520577141214	1.57891808908223e-05	NA	Y
193	CRISPR I-F	RexAB	1	456	675	8	7.5635516304795e-06	0.472908319705089	1.43885948335413e-06	NA	Y
194	Mokosh II	RM IIG	-1	3307	975	32	7.8217768584363e-06	5.87371502440357e-07	0.154717352060536	NA	Y
195	AbiQ	CRISPR I-F	1	675	203	14	7.91069929952694e-06	4.2883458765971e-06	0.245711326746548	NA	Y
196	Dnd_ABCDE	RM I	-1	18714	1407	748	7.92608160857107e-06	1.23877717657095e-05	7.96380676851936e-05	NA	Y
197	BstA	CBASS I	-1	4764	1136	122	8.49732962869097e-06	0.122798570198546	6.84897956206375e-06	NA	Y
198	DRT I	Retron XII	1	474	1256	85	9.32161700031272e-06	8.43205620935834e-07	0.0362758008536169	NA	Y
199	RM I	cas_adaptation	-1	195	18714	103	9.45870378434582e-06	0.0511620470292055	1.78645107514015e-05	NA	Y
200	CBASS I	Retron II-A	1	836	4764	181	9.65026031914854e-06	8.71779554517186e-05	0.0871988612539276	NA	Y
201	GAO_19	ietAS	1	1979	850	107	1.03769980385912e-05	1.04670340641533e-05	0.00802068207760172	NA	Y
202	AbiU	Dnd_ABCDE	1	1407	569	43	1.09382340460364e-05	0.00451391384900319	5.88695755252581e-05	NA	Y
203	Dnd_ABCDE	RM II	1	26131	1407	1394	1.12415775783455e-05	0.0363840475105949	0.921625989978192	NA	Y
204	Kiwa	PsyrTA	-1	1382	1741	23	1.13940653183488e-05	0.0204663993045915	0.00489223518524983	NA	Y
205	AbiE	cas_adaptation	-1	195	5251	10	1.16932063864839e-05	0.346243913735497	7.99964061260652e-05	NA	Y
206	PsyrTA	Septu I	-1	2632	1382	77	1.23961877648799e-05	0.0292261571322073	0.0002159347180536	NA	Y
207	Druantia III	RM II	-1	26131	3391	3380	1.26595791361226e-05	0.909359163995877	0.54439236389477	NA	Y
208	Helicase-DUF2290	PsyrTA	1	1382	164	4	1.28434345812535e-05	0.455118075756069	0.0870041465346186	NA	Y
209	Kiwa	RM IV	1	8297	1741	728	1.50391058796346e-05	1.08344249171608e-06	0.613694404316075	NA	Y
210	PifA	darTG	1	967	1362	63	1.56443814868236e-05	5.62629230266498e-06	0.0861568327964954	NA	Y
211	CRISPR I-E	Lamassu I	1	202	17573	162	1.74477684763816e-05	0.0112541727237075	0.800428830311105	NA	Y
212	Dnd_FGH	RM III	-1	3335	1378	139	1.90732375526381e-05	3.57947061415821e-05	0.000200998092367079	NA	Y
213	PsyrTA	gop_beta_cll	-1	279	1382	14	1.92397150687158e-05	0.237807165210234	0.137377836179512	NA	Y
214	RM IIG	Retron I-C	-1	2026	3307	47	2.1726388440353e-05	0.0246924013212317	2.04792390934763e-05	NA	Y
215	Dnd_ABCDE	RM III	-1	3335	1407	143	2.28110003201653e-05	1.76670974498272e-05	0.000393605243798855	NA	Y
216	AbiQ	Septu I	1	2632	203	16	2.496465597244e-05	0.382618814902372	0.0177289920243255	NA	Y
217	BstA	Dpd	1	1259	1136	133	2.82402783224271e-05	0.174250861149921	5.26652778743401e-05	NA	Y
218	CRISPR I-E	DRT III	1	1497	17573	1331	2.88461878871086e-05	6.84174169361987e-05	0.00646748043613944	NA	Y
219	Zorya I	Zorya II	1	2518	489	75	2.91286705042408e-05	0.145063690955517	0.000250477993504299	NA	Y
220	Druantia I	PsyrTA	-1	1382	328	5	2.93075061043254e-05	0.0238540338435884	0.188293380846724	NA	Y
221	Druantia III	Mokosh II	-1	975	3391	49	2.98331953234308e-05	0.322639744519321	9.65688875921965e-05	NA	Y
222	AbiE	Dnd_FGH	1	1378	5251	271	3.05849958030724e-05	2.37542084225048e-05	0.0382340098050962	NA	Y
223	RM IV	cas_adaptation	-1	195	8297	38	3.08718970948817e-05	0.0821211486347322	5.56161850498335e-05	NA	Y
224	RM II	Retron II-A	-1	836	26131	790	3.17612504420689e-05	0.0133170544734298	2.38774468836482e-05	NA	Y
225	CRISPR I-F	PARIS	1	603	675	22	3.5139994413576e-05	0.510565430567773	5.2264468147437e-06	NA	Y
226	AbiD	Mokosh II	-1	975	997	42	3.63382264694762e-05	0.00159843045070433	0.00777832748831345	NA	Y
227	AbiU	Dnd_FGH	1	1378	569	41	3.64804302422106e-05	0.0058791163773433	0.000164692913465604	NA	Y
228	AVAST IV	RM IV	-1	8297	1001	141	3.65049273158921e-05	1.8088784978254e-05	0.0315591857609821	NA	Y
229	DRT I	Mokosh II	-1	975	1256	95	3.7125037473375e-05	0.621257425147181	5.48914321022057e-06	NA	Y
230	Gabija	PrrC	1	427	4540	112	3.81552694734413e-05	8.93918255504632e-06	0.67810926568019	NA	Y
231	Gabija	PifA	-1	1362	4540	128	3.93997138666058e-05	7.63383545170627e-05	1.23694222905731e-05	NA	Y
232	CBASS I	CRISPR I-E	1	17573	4764	2449	3.95774923753822e-05	0.00262386628317859	0.00201404502898243	NA	Y
233	CBASS I	PARIS	-1	603	4764	41	4.00261662976894e-05	0.0254786884566599	0.000157560710578393	NA	Y
234	BstA	PARIS	-1	603	1136	15	4.0905644072855e-05	0.0485068520262246	0.000186108260084291	NA	Y
235	DRT III	PsyrTA	1	1382	1497	48	4.11240065887592e-05	0.00235886847528295	0.000291136312074892	NA	Y
236	AbiE	mza	-1	249	5251	11	4.14767933680613e-05	4.87393519127139e-06	0.670179063995657	NA	Y
237	AbiE	PrrC	1	427	5251	140	4.15225434680082e-05	4.24577833491816e-06	0.0644251149786471	NA	Y
238	Thoeris I	ietAS	1	1979	1541	51	4.25636262399475e-05	0.000145175381413416	0.126405224378076	NA	Y
239	CRISPR I-E	Retron I-C	-1	2026	17573	305	4.31089710719037e-05	0.106575530957099	3.58584749000279e-05	NA	Y
240	AVAST IV	Septu I	-1	2632	1001	74	4.36116846073869e-05	0.000211146154916979	0.0128258291488614	NA	Y
241	CRISPR I-E	Kiwa	1	1741	17573	1339	4.43170140845362e-05	0.0257664390987317	1.57817299584266e-05	NA	Y
242	Septu I	Zorya II	1	2518	2632	255	4.53848566122047e-05	0.167382994774222	2.74860566477571e-05	NA	Y
243	AVAST II	Septu I	1	2632	583	68	4.65172577557798e-05	4.32006119563968e-05	0.431876726287622	NA	Y
244	Zorya I	hhe	1	928	489	9	5.14862105644252e-05	0.0308962939222749	0.0119110198510675	NA	Y
245	RM IV	ppl	1	686	8297	200	5.49084633740038e-05	0.153949303020355	7.67990691851243e-06	NA	Y
246	AbiE	Dnd_ABCDE	1	1407	5251	276	5.50287786681582e-05	4.91047655421726e-05	0.0435508008381019	NA	Y
247	PsyrTA	tmn	1	2182	1382	100	5.53470315570178e-05	0.588299703139277	8.03443725604898e-06	NA	Y
248	AVAST II	PsyrTA	-1	1382	583	1	5.63854389692767e-05	0.338986601344661	0.000637101935312758	NA	Y
249	CBASS I	RM IIG	-1	3307	4764	289	5.79090885322256e-05	3.45467685676708e-05	0.0032102221901103	NA	Y
250	GAO_29	PARIS	1	603	180	7	6.04901310087492e-05	0.730305739131173	5.51096554362072e-05	NA	Y
251	DRT III	Kiwa	1	1741	1497	319	6.08734343690543e-05	0.378120079086855	9.22778680473324e-06	NA	Y
252	CBASS I	PsyrTA	1	1382	4764	253	6.15986798482155e-05	2.23212434951355e-05	0.105256533723895	NA	Y
253	AbiD	CBASS II	-1	456	997	33	6.22481039740416e-05	0.0135230007230974	0.00351682886223609	NA	Y
254	Dnd_FGH	Druantia I	-1	328	1378	35	6.72768188530374e-05	0.000312289404096454	0.056684990616611	NA	Y
255	3HP	AbiE	-1	5251	254	19	6.777237057888e-05	0.00337607843359984	0.000806427010016713	NA	Y
256	DRT I	RM IV	-1	8297	1256	445	6.9105931479604e-05	0.00138946875550861	0.0468777318458466	NA	Y
257	BREX I	RM IIG	-1	3307	1622	78	7.23054009232751e-05	0.032340625739992	0.000113697870605174	NA	Y
258	AbiE	AbiH	-1	221	5251	33	7.65327156823756e-05	0.95311771116699	0.000298552035335094	NA	Y
259	Septu I	Thoeris I	-1	1541	2632	179	7.7563461545209e-05	0.210674558236676	1.06178200379684e-05	NA	Y
260	Septu I	gop_beta_cll	-1	279	2632	34	7.85433973606324e-05	0.000237923420284935	0.0218538011053153	NA	Y
261	SoFic	Thoeris I	1	1541	308	97	8.15219571463336e-05	0.111477082205005	9.83805765835301e-06	NA	Y
262	BstA	Druantia III	-1	3391	1136	59	8.2416538777386e-05	0.00544303964114235	0.000639758656571098	NA	Y
263	RM I	Zorya II	1	2518	18714	1847	8.72218695097684e-05	0.000993794380219869	0.00100441458724398	NA	Y
264	Dnd_ABCDE	Zorya I	1	489	1407	74	8.78988192090478e-05	9.96852786874297e-05	0.000837001886085609	NA	Y
265	GAO_19	Thoeris I	-1	1541	850	16	8.90672376418056e-05	0.136521354932799	0.000276597778573933	NA	Y
266	AbiE	DprA-PRTase	1	204	5251	42	9.23528259432256e-05	0.74903966316574	0.00491106911568529	NA	Y
267	Mokosh II	gop_beta_cll	1	279	975	16	9.27672539325923e-05	0.000930105653858625	0.0291840498592959	NA	Y
268	DRT III	Retron IV	-1	281	1497	43	9.74786971603956e-05	0.00215411125651965	0.00643540871873425	NA	Y
269	BstA	Thoeris I	1	1541	1136	146	0.00010146766748982	0.534811672713677	5.54709208257039e-05	NA	Y
270	AbiD	AbiE	-1	5251	997	97	0.000102454274955561	0.581086721843732	4.56744797958981e-05	NA	Y
271	Hachiman I	RM I	-1	18714	1244	884	0.000104204483067322	9.82183628806858e-06	0.508524091491269	NA	Y
272	Mokosh II	cas_adaptation	-1	195	975	6	0.00011052083293758	3.97713651498188e-05	0.977569419725828	NA	Y
273	DRT III	RM II	-1	26131	1497	1488	0.000112876461449647	0.911919691637851	0.00274834197964152	NA	Y
274	Dnd_FGH	Zorya I	1	489	1378	79	0.000116809061089333	1.43084246258937e-05	0.00230200063862293	NA	Y
275	Retron I-C	Septu I	-1	2632	2026	53	0.000117798050602008	2.86860516855851e-05	0.270141713650425	NA	Y
276	AbiU	Retron I-C	-1	2026	569	7	0.000125538096699326	0.150095372979536	5.82354021881919e-05	NA	Y
277	PsyrTA	dXTPase	1	2159	1382	138	0.000139013312131651	0.00792562364714267	0.000753844251649129	NA	Y
278	CRISPR I-E	Thoeris I	-1	1541	17573	248	0.00014316195721829	0.764273023277231	1.50251646599602e-05	NA	Y
279	RM IV	dXTPase	-1	2159	8297	693	0.000147611994249369	0.0116945756285191	0.00635614704241146	NA	Y
280	PrrC	tmn	1	2182	427	57	0.000164725151874649	0.0223065133790029	9.95186131146694e-05	NA	Y
281	Dnd_FGH	RM II	1	26131	1378	1366	0.000169048964056795	0.0525026580272508	0.747179986667211	NA	Y
282	Thoeris I	dXTPase	1	2159	1541	268	0.00017156719361924	1.44879754594315e-05	0.616326441723175	NA	Y
283	AbiH	PsyrTA	-1	1382	221	6	0.000179292702979799	4.89451620180429e-05	0.0861376518071116	NA	Y
284	PifA	RexAB	1	456	1362	54	0.000182899630574895	0.00546506843728986	0.00903576363064712	NA	Y
285	CBASS I	Septu I	1	2632	4764	567	0.000187535343296009	0.000389661300235782	0.0695405750912592	NA	Y
286	AbiE	SoFic	1	308	5251	44	0.0001948322401164	0.00468942803773539	0.558515320871232	NA	Y
287	Mokosh II	Retron I-C	-1	2026	975	45	0.000194861783052321	0.00176462440572476	0.0136298418879239	NA	Y
288	AbiU	ppl	1	686	569	27	0.000198850159375309	0.421870602259984	0.00113122956258234	NA	Y
289	Gabija	Retron XII	1	474	4540	116	0.0002044453977594	0.000857599631376751	0.228436183174509	NA	Y
290	Gabija	Pycsar	1	135	4540	31	0.000204978055142302	0.225145154090374	0.0244351601961717	NA	Y
291	Septu I	tmn	1	2182	2632	522	0.000208344023208327	0.0135234883136871	0.00179856693581889	NA	Y
292	AbiD	dCTPdeaminase	-1	251	997	14	0.000214006869351624	0.510312125581914	9.65780218570705e-05	NA	Y
293	AbiQ	Retron XII	-1	474	203	6	0.000214694736197703	3.4350370452329e-05	0.212919229051642	NA	Y
294	AbiQ	Hachiman I	-1	1244	203	9	0.000227394611392148	0.00101524508785073	0.0675469524556213	NA	Y
295	DRT II	Retron I-C	1	2026	758	206	0.000244004634132559	0.946941785955184	0.000129604888885017	NA	Y
296	AbiL	GAO_29	-1	180	490	1	0.000262783975011352	0.00136983912953549	0.0489163935387539	NA	Y
297	RM IIG	Thoeris I	-1	1541	3307	43	0.000264322890666181	0.200842731477882	0.000221847211615912	NA	Y
298	Retron I-C	Retron II-A	-1	836	2026	3	0.000277082259821677	0.000266515585053583	0.0512917722284875	NA	Y
299	CRISPR I-E	tmn	-1	2182	17573	1163	0.000282096638751852	0.778011560658594	3.08951636894628e-05	NA	Y
300	AbiE	AbiU	1	569	5251	74	0.000284766498807828	8.87233920214085e-05	0.632727608721152	NA	Y
301	Retron I-B	ppl	1	686	289	18	0.000285877487560777	0.0444526689588487	0.00110030107768374	NA	Y
302	DRT III	PARIS	-1	603	1497	41	0.00028787600981944	0.00753816305055501	0.0199714667843978	NA	Y
303	AbiU	PsyrTA	-1	1382	569	1	0.000321248131159169	0.04327942110224	0.00300107567933695	NA	Y
304	BREX I	dXTPase	1	2159	1622	158	0.000324416181020125	0.0706529837485879	0.00683927395149801	NA	Y
305	CRISPR I-F	Helicase-DUF2290	1	164	675	5	0.000335445048641785	0.284122368418731	0.000862761749321499	NA	Y
306	CBASS I	dXTPase	-1	2159	4764	323	0.000336983660387353	0.000575742543264525	0.238024683351101	NA	Y
307	Gabija	Retron I-A	1	195	4540	78	0.000339500831312558	0.00321053973753647	0.000296545174834485	NA	Y
308	3HP	AbiL	1	490	254	21	0.000342292593175347	0.000603755623095045	0.0221676749908838	NA	Y
309	Retron I-B	Retron II-A	1	836	289	39	0.000349910773579041	0.813202349818634	3.2224820352656e-05	NA	Y
310	PsyrTA	RexAB	-1	456	1382	6	0.000355053196642775	0.630244295277307	8.46768689113141e-05	NA	Y
311	Gabija	RM I	1	18714	4540	3568	0.000362004026660993	5.28729689638937e-05	0.0110626618359751	NA	Y
312	CRISPR I-E	RM III	-1	3335	17573	1948	0.000372834608024123	0.000162433179903231	0.205145602222407	NA	Y
313	DRT III	Hachiman I	-1	1244	1497	55	0.000377802955077594	0.00389530770975015	0.0665568585478428	NA	Y
314	PsyrTA	Zorya I	-1	489	1382	50	0.000378030409562897	0.0009919752031321	0.0608073322854953	NA	Y
315	AbiL	PsyrTA	-1	1382	490	11	0.00038148454315561	0.0649207021229115	0.0644011862541575	NA	Y
316	3HP	Druantia III	1	3391	254	16	0.000389108781068929	0.142504676837278	0.332892154900991	NA	Y
317	AbiE	Hachiman I	1	1244	5251	114	0.000394266853023933	0.000893345141055679	0.0114368181126681	NA	Y
318	3HP	old	1	194	254	10	0.000397287206794682	0.000156022353256119	0.000399914576399606	NA	Y
319	CRISPR I-F	RM II	1	26131	675	688	0.000401837671404003	0.509351668305306	0.00140532604810198	NA	Y
320	Druantia I	Mokosh II	1	975	328	28	0.000421869756103609	0.000575825377685567	0.456851507942719	NA	Y
321	PrrC	dXTPase	1	2159	427	56	0.000427974114538427	6.19723959801051e-05	0.000937257041526639	NA	Y
322	BstA	Kiwa	1	1741	1136	89	0.000430174463805801	0.00536570173701303	0.0116686831623398	NA	Y
323	Septu I	mza	-1	249	2632	5	0.000432124617837038	7.63274562441544e-05	0.180484411776638	NA	Y
324	AbiL	tmn	1	2182	490	43	0.00043274767064423	0.000476049635986246	0.28926130773163	NA	Y
325	BREX I	Mokosh II	-1	975	1622	15	0.000436847376328047	0.0091249007460752	0.00131268574685311	NA	Y
326	Druantia III	GAO_19	-1	850	3391	65	0.000449314938323995	0.102435506562608	0.0032684637581534	NA	Y
327	RM IV	darTG	1	967	8297	253	0.000454634682107319	0.00143633296880748	0.0902145224450741	NA	Y
328	CRISPR I-F	Retron V	1	205	675	2	0.000455046727850671	0.474230109301165	0.00129973549496567	NA	Y
329	RM IIG	Septu I	1	2632	3307	366	0.000467957148047049	6.03303858004596e-05	0.65442390054443	NA	Y
330	RM III	Retron I-A	1	195	3335	52	0.000476584098100508	0.0255320774013451	0.000464406701179831	NA	Y
331	Dpd	Retron I-C	-1	2026	1259	9	0.000533318784132354	0.512639566736867	5.27766354076209e-05	NA	Y
332	Retron II-A	ppl	1	686	836	58	0.000599077504055928	9.42817524839249e-05	0.0128459606142656	NA	Y
333	AbiD	Retron IV	-1	281	997	3	0.000604484882724731	0.00047952424464421	0.00115395017307933	NA	Y
334	CBASS I	Zorya II	-1	2518	4764	157	0.000616386611432808	0.000239550306960665	0.0675989352787494	NA	Y
335	RM III	cas_adaptation	-1	195	3335	28	0.000619402890430668	0.130094747379009	0.0067388985735258	NA	Y
336	cas_adaptation	hhe	1	928	195	6	0.000638531120346998	1.00279677588359e-06	0.000438197462189838	NA	Y
337	AVAST II	Retron XII	-1	474	583	7	0.000665980268946273	0.011765211347837	0.000234496801497753	NA	Y
338	dCTPdeaminase	gop_beta_cll	-1	279	251	7	0.000671705793569418	0.00282069073225337	0.0276334524995178	NA	Y
339	CRISPR I-E	PifA	1	1362	17573	978	0.0006725659090282	0.000203977268766309	0.585834962333968	NA	Y
340	Dnd_ABCDE	Druantia I	-1	328	1407	37	0.000676997232415633	0.00127224461169046	0.154902467439006	NA	Y
341	AbiE	hhe	-1	928	5251	84	0.00069706821963693	0.000425514647381172	0.0303436468470387	NA	Y
342	AbiE	dXTPase	1	2159	5251	447	0.000697132364561269	0.919383018360904	0.00025023466719744	NA	Y
343	SoFic	dXTPase	-1	2159	308	14	0.000702761976892164	0.0727949809493526	0.00319929406768315	NA	Y
344	CBASS I	Retron I-C	1	2026	4764	809	0.000719465384907428	0.00299109816685025	0.315355888526033	NA	Y
345	PsyrTA	ppl	1	686	1382	10	0.000721573872624613	0.00682988078590786	0.191767213141084	NA	Y
346	AVAST IV	Gabija	1	4540	1001	258	0.000758799335172343	8.44833486464649e-05	0.597273982093471	NA	Y
347	Retron I-B	Septu I	-1	2632	289	2	0.000762561510000718	0.000487040455718997	0.00139959170158994	NA	Y
348	SspABCD	dCTPdeaminase	1	251	136	14	0.000765468699271155	0.000106454520143207	0.151660376496989	NA	Y
349	AbiE	RM IIG	1	3307	5251	364	0.000800653129547773	0.00579651812926997	0.0213303651351518	NA	Y
350	Druantia III	gop_beta_cll	-1	279	3391	9	0.000810275926704421	0.000109800927765785	0.0761875600948044	NA	Y
351	DRT II	Retron XII	-1	474	758	8	0.00081680823282501	0.00692598090983118	0.0173692110442055	NA	Y
352	BstA	Mokosh II	-1	975	1136	56	0.000857813070549495	0.832482992829508	0.00011821627538496	NA	Y
353	AbiH	GAO_19	1	850	221	18	0.000866286697629714	0.0977165407848879	0.00816786153651473	NA	Y
354	Kiwa	Thoeris I	1	1541	1741	89	0.000886219064461247	0.0030326333980138	0.00887925168266435	NA	Y
355	CBASS I	mza	-1	249	4764	15	0.000898384534821044	0.000110233334820262	0.156240370911884	NA	Y
356	AbiD	Hachiman I	-1	1244	997	33	0.000921878587549578	0.000224947574314911	0.68841806718982	NA	Y
357	AbiL	Dnd_ABCDE	-1	1407	490	34	0.000935669090886464	0.000253456978790764	0.790353649457402	NA	Y
358	BstA	PifA	1	1362	1136	75	0.000954217356079391	0.11977577204035	0.00118719368146313	NA	Y
359	PsyrTA	qatABCD	-1	1271	1382	43	0.000972408645984282	0.189418957392479	0.00625386733565327	NA	Y
360	Dnd_ABCDE	PsyrTA	-1	1382	1407	13	0.00102376097720474	0.00227042030226903	0.017130658584402	NA	Y
361	PifA	Retron XII	1	474	1362	48	0.00103161108359597	0.00900552722118414	0.00131056768877324	NA	Y
362	Dnd_ABCDE	Retron I-C	-1	2026	1407	58	0.00106259365384898	0.432682028458365	0.000120617939399779	NA	Y
363	GAO_29	Gabija	-1	4540	180	19	0.00108674294791464	0.165361861562752	0.00094354827389279	NA	Y
364	CRISPR I-E	Retron XII	1	474	17573	386	0.00109969352585916	0.00187305411049522	0.0169918093209489	NA	Y
365	CRISPR I-F	RM IV	-1	8297	675	241	0.00110514132364737	0.00134161918590487	0.0745232585485442	NA	Y
366	Dnd_FGH	Retron I-C	-1	2026	1378	55	0.00112519785561299	0.423750778820958	0.000129753080483483	NA	Y
367	Hachiman I	PsyrTA	-1	1382	1244	5	0.00114695167910888	0.0396971611203425	0.000436766138110053	NA	Y
368	BREX I	Retron IV	1	281	1622	61	0.00122748733527088	0.00549036991308218	0.00817044452632685	NA	Y
369	RM IIG	Zorya I	1	489	3307	112	0.00124751723387968	0.00317600225702291	0.26685700006989	NA	Y
370	CRISPR I-E	GAO_19	1	850	17573	659	0.00124865134908335	0.000380021321119558	0.0577113444839901	NA	Y
371	Dnd_ABCDE	RM IV	-1	8297	1407	381	0.0013216605062363	0.0164589718839554	0.0359658603884393	NA	Y
372	CBASS II	Septu I	-1	2632	456	17	0.00136014727027385	0.177962212563252	0.000263381971475727	NA	Y
373	CBASS I	darTG	1	967	4764	274	0.00136953105961999	0.00111965636066386	0.135828027940863	NA	Y
374	AbiU	Pycsar	1	135	569	14	0.00138810904719049	0.000272788582662955	0.0184266464899518	NA	Y
375	AbiE	DRT II	-1	758	5251	291	0.00143142444422161	0.0454262628795307	0.020794025821815	NA	Y
376	Dnd_FGH	ietAS	1	1979	1378	142	0.00143222893504187	0.0577971878710802	0.0565291796968435	NA	Y
377	AVAST IV	Retron XII	1	474	1001	40	0.00145808192795998	0.000239613288797445	0.940921687983004	NA	Y
378	CBASS I	Kiwa	1	1741	4764	286	0.00146589990678041	0.0661034855153421	0.0013714825604929	NA	Y
379	Dnd_ABCDE	ietAS	1	1979	1407	142	0.00147723011519706	0.133946102381071	0.0184671807689172	NA	Y
